filename,count
sample_0000_count_8.png,8
sample_0001_count_1.png,1
sample_0002_count_8.png,8
sample_0003_count_3.png,3
sample_0004_count_0.png,0
sample_0005_count_8.png,8
sample_0006_count_6.png,6
sample_0007_count_5.png,5
sample_0008_count_8.png,8
sample_0009_count_6.png,6
sample_0010_count_3.png,3
sample_0011_count_8.png,8
sample_0012_count_4.png,4
sample_0013_count_2.png,2
sample_0014_count_2.png,2
sample_0015_count_0.png,0
sample_0016_count_2.png,2
sample_0017_count_1.png,1
sample_0018_count_5.png,5
sample_0019_count_4.png,4
sample_0020_count_3.png,3
sample_0021_count_1.png,1
sample_0022_count_2.png,2
sample_0023_count_5.png,5
sample_0024_count_6.png,6
sample_0025_count_4.png,4
sample_0026_count_7.png,7
sample_0027_count_5.png,5
sample_0028_count_7.png,7
sample_0029_count_7.png,7
sample_0030_count_3.png,3
sample_0031_count_7.png,7
sample_0032_count_3.png,3
sample_0033_count_6.png,6
sample_0034_count_0.png,0
sample_0035_count_0.png,0
sample_0036_count_6.png,6
sample_0037_count_1.png,1
sample_0038_count_2.png,2
sample_0039_count_3.png,3
sample_0040_count_6.png,6
sample_0041_count_0.png,0
sample_0042_count_4.png,4
sample_0043_count_5.png,5
sample_0044_count_2.png,2
sample_0045_count_2.png,2
sample_0046_count_7.png,7
sample_0047_count_8.png,8
sample_0048_count_3.png,3
sample_0049_count_3.png,3
sample_0050_count_2.png,2
sample_0051_count_6.png,6
sample_0052_count_3.png,3
sample_0053_count_1.png,1
sample_0054_count_2.png,2
sample_0055_count_2.png,2
sample_0056_count_2.png,2
sample_0057_count_6.png,6
sample_0058_count_6.png,6
sample_0059_count_6.png,6
sample_0060_count_0.png,0
sample_0061_count_4.png,4
sample_0062_count_8.png,8
sample_0063_count_3.png,3
sample_0064_count_3.png,3
sample_0065_count_4.png,4
sample_0066_count_1.png,1
sample_0067_count_1.png,1
sample_0068_count_0.png,0
sample_0069_count_2.png,2
sample_0070_count_8.png,8
sample_0071_count_7.png,7
sample_0072_count_1.png,1
sample_0073_count_7.png,7
sample_0074_count_0.png,0
sample_0075_count_5.png,5
sample_0076_count_2.png,2
sample_0077_count_8.png,8
sample_0078_count_7.png,7
sample_0079_count_8.png,8
sample_0080_count_2.png,2
sample_0081_count_4.png,4
sample_0082_count_3.png,3
sample_0083_count_7.png,7
sample_0084_count_7.png,7
sample_0085_count_3.png,3
sample_0086_count_2.png,2
sample_0087_count_3.png,3
sample_0088_count_6.png,6
sample_0089_count_8.png,8
sample_0090_count_1.png,1
sample_0091_count_2.png,2
sample_0092_count_4.png,4
sample_0093_count_7.png,7
sample_0094_count_6.png,6
sample_0095_count_4.png,4
sample_0096_count_3.png,3
sample_0097_count_7.png,7
sample_0098_count_4.png,4
sample_0099_count_4.png,4
sample_0100_count_5.png,5
sample_0101_count_8.png,8
sample_0102_count_8.png,8
sample_0103_count_0.png,0
sample_0104_count_0.png,0
sample_0105_count_5.png,5
sample_0106_count_3.png,3
sample_0107_count_2.png,2
sample_0108_count_3.png,3
sample_0109_count_1.png,1
sample_0110_count_5.png,5
sample_0111_count_8.png,8
sample_0112_count_1.png,1
sample_0113_count_3.png,3
sample_0114_count_3.png,3
sample_0115_count_1.png,1
sample_0116_count_7.png,7
sample_0117_count_6.png,6
sample_0118_count_3.png,3
sample_0119_count_4.png,4
sample_0120_count_2.png,2
sample_0121_count_1.png,1
sample_0122_count_7.png,7
sample_0123_count_0.png,0
sample_0124_count_4.png,4
sample_0125_count_7.png,7
sample_0126_count_0.png,0
sample_0127_count_6.png,6
sample_0128_count_4.png,4
sample_0129_count_8.png,8
sample_0130_count_6.png,6
sample_0131_count_2.png,2
sample_0132_count_2.png,2
sample_0133_count_4.png,4
sample_0134_count_1.png,1
sample_0135_count_1.png,1
sample_0136_count_6.png,6
sample_0137_count_2.png,2
sample_0138_count_8.png,8
sample_0139_count_8.png,8
sample_0140_count_5.png,5
sample_0141_count_2.png,2
sample_0142_count_5.png,5
sample_0143_count_4.png,4
sample_0144_count_5.png,5
sample_0145_count_2.png,2
sample_0146_count_8.png,8
sample_0147_count_7.png,7
sample_0148_count_3.png,3
sample_0149_count_7.png,7
sample_0150_count_0.png,0
sample_0151_count_8.png,8
sample_0152_count_6.png,6
sample_0153_count_0.png,0
sample_0154_count_5.png,5
sample_0155_count_3.png,3
sample_0156_count_2.png,2
sample_0157_count_4.png,4
sample_0158_count_3.png,3
sample_0159_count_1.png,1
sample_0160_count_0.png,0
sample_0161_count_0.png,0
sample_0162_count_8.png,8
sample_0163_count_0.png,0
sample_0164_count_1.png,1
sample_0165_count_3.png,3
sample_0166_count_5.png,5
sample_0167_count_3.png,3
sample_0168_count_3.png,3
sample_0169_count_8.png,8
sample_0170_count_1.png,1
sample_0171_count_4.png,4
sample_0172_count_5.png,5
sample_0173_count_2.png,2
sample_0174_count_1.png,1
sample_0175_count_2.png,2
sample_0176_count_3.png,3
sample_0177_count_0.png,0
sample_0178_count_2.png,2
sample_0179_count_2.png,2
sample_0180_count_4.png,4
sample_0181_count_6.png,6
sample_0182_count_4.png,4
sample_0183_count_2.png,2
sample_0184_count_5.png,5
sample_0185_count_6.png,6
sample_0186_count_5.png,5
sample_0187_count_8.png,8
sample_0188_count_5.png,5
sample_0189_count_3.png,3
sample_0190_count_5.png,5
sample_0191_count_4.png,4
sample_0192_count_4.png,4
sample_0193_count_6.png,6
sample_0194_count_6.png,6
sample_0195_count_4.png,4
sample_0196_count_0.png,0
sample_0197_count_1.png,1
sample_0198_count_8.png,8
sample_0199_count_5.png,5
sample_0200_count_8.png,8
sample_0201_count_2.png,2
sample_0202_count_6.png,6
sample_0203_count_1.png,1
sample_0204_count_7.png,7
sample_0205_count_4.png,4
sample_0206_count_2.png,2
sample_0207_count_0.png,0
sample_0208_count_0.png,0
sample_0209_count_4.png,4
sample_0210_count_0.png,0
sample_0211_count_0.png,0
sample_0212_count_1.png,1
sample_0213_count_0.png,0
sample_0214_count_0.png,0
sample_0215_count_1.png,1
sample_0216_count_4.png,4
sample_0217_count_7.png,7
sample_0218_count_8.png,8
sample_0219_count_2.png,2
sample_0220_count_3.png,3
sample_0221_count_5.png,5
sample_0222_count_5.png,5
sample_0223_count_0.png,0
sample_0224_count_6.png,6
sample_0225_count_2.png,2
sample_0226_count_4.png,4
sample_0227_count_5.png,5
sample_0228_count_5.png,5
sample_0229_count_4.png,4
sample_0230_count_7.png,7
sample_0231_count_8.png,8
sample_0232_count_4.png,4
sample_0233_count_1.png,1
sample_0234_count_5.png,5
sample_0235_count_1.png,1
sample_0236_count_2.png,2
sample_0237_count_1.png,1
sample_0238_count_3.png,3
sample_0239_count_1.png,1
sample_0240_count_0.png,0
sample_0241_count_8.png,8
sample_0242_count_6.png,6
sample_0243_count_2.png,2
sample_0244_count_6.png,6
sample_0245_count_5.png,5
sample_0246_count_3.png,3
sample_0247_count_2.png,2
sample_0248_count_4.png,4
sample_0249_count_0.png,0
sample_0250_count_3.png,3
sample_0251_count_2.png,2
sample_0252_count_2.png,2
sample_0253_count_4.png,4
sample_0254_count_6.png,6
sample_0255_count_2.png,2
sample_0256_count_0.png,0
sample_0257_count_0.png,0
sample_0258_count_8.png,8
sample_0259_count_8.png,8
sample_0260_count_0.png,0
sample_0261_count_2.png,2
sample_0262_count_6.png,6
sample_0263_count_4.png,4
sample_0264_count_4.png,4
sample_0265_count_8.png,8
sample_0266_count_2.png,2
sample_0267_count_5.png,5
sample_0268_count_7.png,7
sample_0269_count_1.png,1
sample_0270_count_4.png,4
sample_0271_count_3.png,3
sample_0272_count_2.png,2
sample_0273_count_8.png,8
sample_0274_count_6.png,6
sample_0275_count_7.png,7
sample_0276_count_2.png,2
sample_0277_count_2.png,2
sample_0278_count_4.png,4
sample_0279_count_8.png,8
sample_0280_count_1.png,1
sample_0281_count_5.png,5
sample_0282_count_4.png,4
sample_0283_count_4.png,4
sample_0284_count_4.png,4
sample_0285_count_8.png,8
sample_0286_count_7.png,7
sample_0287_count_6.png,6
sample_0288_count_4.png,4
sample_0289_count_4.png,4
sample_0290_count_7.png,7
sample_0291_count_5.png,5
sample_0292_count_7.png,7
sample_0293_count_2.png,2
sample_0294_count_1.png,1
sample_0295_count_5.png,5
sample_0296_count_2.png,2
sample_0297_count_4.png,4
sample_0298_count_3.png,3
sample_0299_count_5.png,5
sample_0300_count_1.png,1
sample_0301_count_3.png,3
sample_0302_count_4.png,4
sample_0303_count_5.png,5
sample_0304_count_3.png,3
sample_0305_count_4.png,4
sample_0306_count_1.png,1
sample_0307_count_0.png,0
sample_0308_count_8.png,8
sample_0309_count_2.png,2
sample_0310_count_0.png,0
sample_0311_count_3.png,3
sample_0312_count_7.png,7
sample_0313_count_5.png,5
sample_0314_count_1.png,1
sample_0315_count_0.png,0
sample_0316_count_8.png,8
sample_0317_count_3.png,3
sample_0318_count_1.png,1
sample_0319_count_7.png,7
sample_0320_count_2.png,2
sample_0321_count_1.png,1
sample_0322_count_4.png,4
sample_0323_count_6.png,6
sample_0324_count_6.png,6
sample_0325_count_4.png,4
sample_0326_count_6.png,6
sample_0327_count_2.png,2
sample_0328_count_0.png,0
sample_0329_count_4.png,4
sample_0330_count_7.png,7
sample_0331_count_0.png,0
sample_0332_count_3.png,3
sample_0333_count_7.png,7
sample_0334_count_6.png,6
sample_0335_count_8.png,8
sample_0336_count_3.png,3
sample_0337_count_1.png,1
sample_0338_count_4.png,4
sample_0339_count_2.png,2
sample_0340_count_6.png,6
sample_0341_count_4.png,4
sample_0342_count_5.png,5
sample_0343_count_7.png,7
sample_0344_count_8.png,8
sample_0345_count_8.png,8
sample_0346_count_0.png,0
sample_0347_count_5.png,5
sample_0348_count_7.png,7
sample_0349_count_8.png,8
sample_0350_count_4.png,4
sample_0351_count_4.png,4
sample_0352_count_3.png,3
sample_0353_count_0.png,0
sample_0354_count_6.png,6
sample_0355_count_2.png,2
sample_0356_count_1.png,1
sample_0357_count_7.png,7
sample_0358_count_4.png,4
sample_0359_count_2.png,2
sample_0360_count_1.png,1
sample_0361_count_1.png,1
sample_0362_count_5.png,5
sample_0363_count_8.png,8
sample_0364_count_4.png,4
sample_0365_count_6.png,6
sample_0366_count_0.png,0
sample_0367_count_2.png,2
sample_0368_count_6.png,6
sample_0369_count_4.png,4
sample_0370_count_2.png,2
sample_0371_count_3.png,3
sample_0372_count_4.png,4
sample_0373_count_6.png,6
sample_0374_count_6.png,6
sample_0375_count_8.png,8
sample_0376_count_7.png,7
sample_0377_count_7.png,7
sample_0378_count_5.png,5
sample_0379_count_3.png,3
sample_0380_count_3.png,3
sample_0381_count_1.png,1
sample_0382_count_3.png,3
sample_0383_count_4.png,4
sample_0384_count_4.png,4
sample_0385_count_5.png,5
sample_0386_count_4.png,4
sample_0387_count_6.png,6
sample_0388_count_5.png,5
sample_0389_count_6.png,6
sample_0390_count_3.png,3
sample_0391_count_7.png,7
sample_0392_count_1.png,1
sample_0393_count_5.png,5
sample_0394_count_4.png,4
sample_0395_count_6.png,6
sample_0396_count_5.png,5
sample_0397_count_3.png,3
sample_0398_count_7.png,7
sample_0399_count_8.png,8
sample_0400_count_8.png,8
sample_0401_count_7.png,7
sample_0402_count_1.png,1
sample_0403_count_3.png,3
sample_0404_count_4.png,4
sample_0405_count_0.png,0
sample_0406_count_2.png,2
sample_0407_count_3.png,3
sample_0408_count_7.png,7
sample_0409_count_2.png,2
sample_0410_count_5.png,5
sample_0411_count_1.png,1
sample_0412_count_7.png,7
sample_0413_count_5.png,5
sample_0414_count_7.png,7
sample_0415_count_2.png,2
sample_0416_count_7.png,7
sample_0417_count_6.png,6
sample_0418_count_4.png,4
sample_0419_count_1.png,1
sample_0420_count_8.png,8
sample_0421_count_8.png,8
sample_0422_count_0.png,0
sample_0423_count_4.png,4
sample_0424_count_3.png,3
sample_0425_count_3.png,3
sample_0426_count_7.png,7
sample_0427_count_7.png,7
sample_0428_count_6.png,6
sample_0429_count_5.png,5
sample_0430_count_8.png,8
sample_0431_count_6.png,6
sample_0432_count_0.png,0
sample_0433_count_6.png,6
sample_0434_count_7.png,7
sample_0435_count_2.png,2
sample_0436_count_0.png,0
sample_0437_count_3.png,3
sample_0438_count_2.png,2
sample_0439_count_1.png,1
sample_0440_count_0.png,0
sample_0441_count_8.png,8
sample_0442_count_2.png,2
sample_0443_count_6.png,6
sample_0444_count_4.png,4
sample_0445_count_2.png,2
sample_0446_count_5.png,5
sample_0447_count_1.png,1
sample_0448_count_7.png,7
sample_0449_count_2.png,2
sample_0450_count_0.png,0
sample_0451_count_6.png,6
sample_0452_count_1.png,1
sample_0453_count_5.png,5
sample_0454_count_2.png,2
sample_0455_count_5.png,5
sample_0456_count_1.png,1
sample_0457_count_6.png,6
sample_0458_count_1.png,1
sample_0459_count_8.png,8
sample_0460_count_3.png,3
sample_0461_count_0.png,0
sample_0462_count_2.png,2
sample_0463_count_7.png,7
sample_0464_count_1.png,1
sample_0465_count_0.png,0
sample_0466_count_5.png,5
sample_0467_count_3.png,3
sample_0468_count_1.png,1
sample_0469_count_1.png,1
sample_0470_count_3.png,3
sample_0471_count_6.png,6
sample_0472_count_6.png,6
sample_0473_count_6.png,6
sample_0474_count_8.png,8
sample_0475_count_0.png,0
sample_0476_count_2.png,2
sample_0477_count_1.png,1
sample_0478_count_6.png,6
sample_0479_count_3.png,3
sample_0480_count_5.png,5
sample_0481_count_2.png,2
sample_0482_count_0.png,0
sample_0483_count_0.png,0
sample_0484_count_1.png,1
sample_0485_count_0.png,0
sample_0486_count_0.png,0
sample_0487_count_2.png,2
sample_0488_count_5.png,5
sample_0489_count_7.png,7
sample_0490_count_0.png,0
sample_0491_count_3.png,3
sample_0492_count_8.png,8
sample_0493_count_5.png,5
sample_0494_count_0.png,0
sample_0495_count_7.png,7
sample_0496_count_1.png,1
sample_0497_count_2.png,2
sample_0498_count_0.png,0
sample_0499_count_5.png,5
sample_0500_count_3.png,3
sample_0501_count_5.png,5
sample_0502_count_2.png,2
sample_0503_count_6.png,6
sample_0504_count_5.png,5
sample_0505_count_6.png,6
sample_0506_count_3.png,3
sample_0507_count_1.png,1
sample_0508_count_7.png,7
sample_0509_count_5.png,5
sample_0510_count_3.png,3
sample_0511_count_0.png,0
sample_0512_count_2.png,2
sample_0513_count_0.png,0
sample_0514_count_7.png,7
sample_0515_count_1.png,1
sample_0516_count_0.png,0
sample_0517_count_0.png,0
sample_0518_count_3.png,3
sample_0519_count_3.png,3
sample_0520_count_7.png,7
sample_0521_count_8.png,8
sample_0522_count_4.png,4
sample_0523_count_4.png,4
sample_0524_count_6.png,6
sample_0525_count_0.png,0
sample_0526_count_6.png,6
sample_0527_count_0.png,0
sample_0528_count_8.png,8
sample_0529_count_2.png,2
sample_0530_count_4.png,4
sample_0531_count_3.png,3
sample_0532_count_7.png,7
sample_0533_count_3.png,3
sample_0534_count_3.png,3
sample_0535_count_0.png,0
sample_0536_count_0.png,0
sample_0537_count_3.png,3
sample_0538_count_5.png,5
sample_0539_count_1.png,1
sample_0540_count_8.png,8
sample_0541_count_1.png,1
sample_0542_count_2.png,2
sample_0543_count_6.png,6
sample_0544_count_2.png,2
sample_0545_count_3.png,3
sample_0546_count_8.png,8
sample_0547_count_5.png,5
sample_0548_count_7.png,7
sample_0549_count_2.png,2
sample_0550_count_7.png,7
sample_0551_count_1.png,1
sample_0552_count_0.png,0
sample_0553_count_6.png,6
sample_0554_count_8.png,8
sample_0555_count_7.png,7
sample_0556_count_4.png,4
sample_0557_count_5.png,5
sample_0558_count_7.png,7
sample_0559_count_8.png,8
sample_0560_count_2.png,2
sample_0561_count_6.png,6
sample_0562_count_4.png,4
sample_0563_count_1.png,1
sample_0564_count_4.png,4
sample_0565_count_4.png,4
sample_0566_count_6.png,6
sample_0567_count_2.png,2
sample_0568_count_7.png,7
sample_0569_count_5.png,5
sample_0570_count_3.png,3
sample_0571_count_4.png,4
sample_0572_count_5.png,5
sample_0573_count_1.png,1
sample_0574_count_3.png,3
sample_0575_count_6.png,6
sample_0576_count_5.png,5
sample_0577_count_6.png,6
sample_0578_count_3.png,3
sample_0579_count_4.png,4
sample_0580_count_5.png,5
sample_0581_count_2.png,2
sample_0582_count_8.png,8
sample_0583_count_7.png,7
sample_0584_count_5.png,5
sample_0585_count_4.png,4
sample_0586_count_5.png,5
sample_0587_count_5.png,5
sample_0588_count_2.png,2
sample_0589_count_0.png,0
sample_0590_count_5.png,5
sample_0591_count_7.png,7
sample_0592_count_2.png,2
sample_0593_count_8.png,8
sample_0594_count_5.png,5
sample_0595_count_8.png,8
sample_0596_count_4.png,4
sample_0597_count_4.png,4
sample_0598_count_8.png,8
sample_0599_count_5.png,5
sample_0600_count_2.png,2
sample_0601_count_6.png,6
sample_0602_count_3.png,3
sample_0603_count_2.png,2
sample_0604_count_7.png,7
sample_0605_count_2.png,2
sample_0606_count_0.png,0
sample_0607_count_6.png,6
sample_0608_count_7.png,7
sample_0609_count_0.png,0
sample_0610_count_8.png,8
sample_0611_count_8.png,8
sample_0612_count_2.png,2
sample_0613_count_1.png,1
sample_0614_count_8.png,8
sample_0615_count_1.png,1
sample_0616_count_7.png,7
sample_0617_count_3.png,3
sample_0618_count_2.png,2
sample_0619_count_4.png,4
sample_0620_count_6.png,6
sample_0621_count_4.png,4
sample_0622_count_6.png,6
sample_0623_count_0.png,0
sample_0624_count_5.png,5
sample_0625_count_8.png,8
sample_0626_count_6.png,6
sample_0627_count_2.png,2
sample_0628_count_4.png,4
sample_0629_count_3.png,3
sample_0630_count_7.png,7
sample_0631_count_3.png,3
sample_0632_count_7.png,7
sample_0633_count_0.png,0
sample_0634_count_7.png,7
sample_0635_count_7.png,7
sample_0636_count_7.png,7
sample_0637_count_7.png,7
sample_0638_count_3.png,3
sample_0639_count_7.png,7
sample_0640_count_8.png,8
sample_0641_count_1.png,1
sample_0642_count_8.png,8
sample_0643_count_6.png,6
sample_0644_count_2.png,2
sample_0645_count_5.png,5
sample_0646_count_5.png,5
sample_0647_count_3.png,3
sample_0648_count_7.png,7
sample_0649_count_1.png,1
sample_0650_count_6.png,6
sample_0651_count_5.png,5
sample_0652_count_6.png,6
sample_0653_count_4.png,4
sample_0654_count_8.png,8
sample_0655_count_7.png,7
sample_0656_count_1.png,1
sample_0657_count_2.png,2
sample_0658_count_2.png,2
sample_0659_count_1.png,1
sample_0660_count_2.png,2
sample_0661_count_5.png,5
sample_0662_count_2.png,2
sample_0663_count_1.png,1
sample_0664_count_0.png,0
sample_0665_count_4.png,4
sample_0666_count_3.png,3
sample_0667_count_3.png,3
sample_0668_count_5.png,5
sample_0669_count_8.png,8
sample_0670_count_4.png,4
sample_0671_count_4.png,4
sample_0672_count_6.png,6
sample_0673_count_3.png,3
sample_0674_count_5.png,5
sample_0675_count_7.png,7
sample_0676_count_1.png,1
sample_0677_count_6.png,6
sample_0678_count_6.png,6
sample_0679_count_8.png,8
sample_0680_count_2.png,2
sample_0681_count_2.png,2
sample_0682_count_7.png,7
sample_0683_count_3.png,3
sample_0684_count_6.png,6
sample_0685_count_0.png,0
sample_0686_count_3.png,3
sample_0687_count_1.png,1
sample_0688_count_4.png,4
sample_0689_count_2.png,2
sample_0690_count_3.png,3
sample_0691_count_3.png,3
sample_0692_count_7.png,7
sample_0693_count_0.png,0
sample_0694_count_3.png,3
sample_0695_count_6.png,6
sample_0696_count_3.png,3
sample_0697_count_0.png,0
sample_0698_count_6.png,6
sample_0699_count_0.png,0
sample_0700_count_6.png,6
sample_0701_count_4.png,4
sample_0702_count_7.png,7
sample_0703_count_4.png,4
sample_0704_count_3.png,3
sample_0705_count_3.png,3
sample_0706_count_2.png,2
sample_0707_count_5.png,5
sample_0708_count_4.png,4
sample_0709_count_4.png,4
sample_0710_count_8.png,8
sample_0711_count_7.png,7
sample_0712_count_4.png,4
sample_0713_count_5.png,5
sample_0714_count_2.png,2
sample_0715_count_0.png,0
sample_0716_count_8.png,8
sample_0717_count_2.png,2
sample_0718_count_6.png,6
sample_0719_count_1.png,1
sample_0720_count_3.png,3
sample_0721_count_8.png,8
sample_0722_count_3.png,3
sample_0723_count_1.png,1
sample_0724_count_4.png,4
sample_0725_count_6.png,6
sample_0726_count_3.png,3
sample_0727_count_6.png,6
sample_0728_count_2.png,2
sample_0729_count_0.png,0
sample_0730_count_3.png,3
sample_0731_count_3.png,3
sample_0732_count_4.png,4
sample_0733_count_1.png,1
sample_0734_count_5.png,5
sample_0735_count_7.png,7
sample_0736_count_4.png,4
sample_0737_count_5.png,5
sample_0738_count_2.png,2
sample_0739_count_1.png,1
sample_0740_count_2.png,2
sample_0741_count_6.png,6
sample_0742_count_5.png,5
sample_0743_count_2.png,2
sample_0744_count_3.png,3
sample_0745_count_5.png,5
sample_0746_count_2.png,2
sample_0747_count_1.png,1
sample_0748_count_0.png,0
sample_0749_count_5.png,5
sample_0750_count_0.png,0
sample_0751_count_8.png,8
sample_0752_count_0.png,0
sample_0753_count_1.png,1
sample_0754_count_4.png,4
sample_0755_count_4.png,4
sample_0756_count_7.png,7
sample_0757_count_8.png,8
sample_0758_count_0.png,0
sample_0759_count_3.png,3
sample_0760_count_5.png,5
sample_0761_count_6.png,6
sample_0762_count_4.png,4
sample_0763_count_6.png,6
sample_0764_count_3.png,3
sample_0765_count_6.png,6
sample_0766_count_0.png,0
sample_0767_count_0.png,0
sample_0768_count_6.png,6
sample_0769_count_7.png,7
sample_0770_count_8.png,8
sample_0771_count_7.png,7
sample_0772_count_1.png,1
sample_0773_count_8.png,8
sample_0774_count_5.png,5
sample_0775_count_0.png,0
sample_0776_count_1.png,1
sample_0777_count_2.png,2
sample_0778_count_4.png,4
sample_0779_count_3.png,3
sample_0780_count_4.png,4
sample_0781_count_5.png,5
sample_0782_count_7.png,7
sample_0783_count_1.png,1
sample_0784_count_6.png,6
sample_0785_count_0.png,0
sample_0786_count_5.png,5
sample_0787_count_6.png,6
sample_0788_count_3.png,3
sample_0789_count_0.png,0
sample_0790_count_1.png,1
sample_0791_count_3.png,3
sample_0792_count_5.png,5
sample_0793_count_4.png,4
sample_0794_count_7.png,7
sample_0795_count_8.png,8
sample_0796_count_7.png,7
sample_0797_count_4.png,4
sample_0798_count_0.png,0
sample_0799_count_8.png,8
sample_0800_count_8.png,8
sample_0801_count_8.png,8
sample_0802_count_8.png,8
sample_0803_count_7.png,7
sample_0804_count_0.png,0
sample_0805_count_1.png,1
sample_0806_count_5.png,5
sample_0807_count_7.png,7
sample_0808_count_0.png,0
sample_0809_count_0.png,0
sample_0810_count_7.png,7
sample_0811_count_0.png,0
sample_0812_count_8.png,8
sample_0813_count_0.png,0
sample_0814_count_5.png,5
sample_0815_count_7.png,7
sample_0816_count_3.png,3
sample_0817_count_3.png,3
sample_0818_count_7.png,7
sample_0819_count_7.png,7
sample_0820_count_8.png,8
sample_0821_count_5.png,5
sample_0822_count_5.png,5
sample_0823_count_7.png,7
sample_0824_count_8.png,8
sample_0825_count_2.png,2
sample_0826_count_5.png,5
sample_0827_count_7.png,7
sample_0828_count_8.png,8
sample_0829_count_1.png,1
sample_0830_count_2.png,2
sample_0831_count_1.png,1
sample_0832_count_1.png,1
sample_0833_count_3.png,3
sample_0834_count_4.png,4
sample_0835_count_6.png,6
sample_0836_count_3.png,3
sample_0837_count_1.png,1
sample_0838_count_5.png,5
sample_0839_count_5.png,5
sample_0840_count_7.png,7
sample_0841_count_4.png,4
sample_0842_count_8.png,8
sample_0843_count_3.png,3
sample_0844_count_3.png,3
sample_0845_count_4.png,4
sample_0846_count_5.png,5
sample_0847_count_7.png,7
sample_0848_count_5.png,5
sample_0849_count_8.png,8
sample_0850_count_6.png,6
sample_0851_count_1.png,1
sample_0852_count_0.png,0
sample_0853_count_3.png,3
sample_0854_count_6.png,6
sample_0855_count_0.png,0
sample_0856_count_4.png,4
sample_0857_count_5.png,5
sample_0858_count_0.png,0
sample_0859_count_7.png,7
sample_0860_count_8.png,8
sample_0861_count_5.png,5
sample_0862_count_1.png,1
sample_0863_count_0.png,0
sample_0864_count_5.png,5
sample_0865_count_7.png,7
sample_0866_count_3.png,3
sample_0867_count_6.png,6
sample_0868_count_3.png,3
sample_0869_count_1.png,1
sample_0870_count_3.png,3
sample_0871_count_2.png,2
sample_0872_count_4.png,4
sample_0873_count_7.png,7
sample_0874_count_4.png,4
sample_0875_count_2.png,2
sample_0876_count_4.png,4
sample_0877_count_3.png,3
sample_0878_count_5.png,5
sample_0879_count_1.png,1
sample_0880_count_0.png,0
sample_0881_count_4.png,4
sample_0882_count_4.png,4
sample_0883_count_6.png,6
sample_0884_count_7.png,7
sample_0885_count_6.png,6
sample_0886_count_2.png,2
sample_0887_count_2.png,2
sample_0888_count_1.png,1
sample_0889_count_8.png,8
sample_0890_count_0.png,0
sample_0891_count_6.png,6
sample_0892_count_3.png,3
sample_0893_count_7.png,7
sample_0894_count_8.png,8
sample_0895_count_2.png,2
sample_0896_count_2.png,2
sample_0897_count_7.png,7
sample_0898_count_8.png,8
sample_0899_count_5.png,5
sample_0900_count_2.png,2
sample_0901_count_8.png,8
sample_0902_count_4.png,4
sample_0903_count_6.png,6
sample_0904_count_0.png,0
sample_0905_count_0.png,0
sample_0906_count_6.png,6
sample_0907_count_6.png,6
sample_0908_count_2.png,2
sample_0909_count_1.png,1
sample_0910_count_7.png,7
sample_0911_count_5.png,5
sample_0912_count_0.png,0
sample_0913_count_8.png,8
sample_0914_count_6.png,6
sample_0915_count_1.png,1
sample_0916_count_5.png,5
sample_0917_count_0.png,0
sample_0918_count_5.png,5
sample_0919_count_1.png,1
sample_0920_count_5.png,5
sample_0921_count_2.png,2
sample_0922_count_6.png,6
sample_0923_count_3.png,3
sample_0924_count_8.png,8
sample_0925_count_8.png,8
sample_0926_count_3.png,3
sample_0927_count_8.png,8
sample_0928_count_1.png,1
sample_0929_count_2.png,2
sample_0930_count_0.png,0
sample_0931_count_3.png,3
sample_0932_count_3.png,3
sample_0933_count_5.png,5
sample_0934_count_8.png,8
sample_0935_count_5.png,5
sample_0936_count_6.png,6
sample_0937_count_4.png,4
sample_0938_count_3.png,3
sample_0939_count_0.png,0
sample_0940_count_7.png,7
sample_0941_count_8.png,8
sample_0942_count_8.png,8
sample_0943_count_2.png,2
sample_0944_count_0.png,0
sample_0945_count_0.png,0
sample_0946_count_4.png,4
sample_0947_count_5.png,5
sample_0948_count_7.png,7
sample_0949_count_6.png,6
sample_0950_count_4.png,4
sample_0951_count_1.png,1
sample_0952_count_3.png,3
sample_0953_count_7.png,7
sample_0954_count_0.png,0
sample_0955_count_8.png,8
sample_0956_count_7.png,7
sample_0957_count_1.png,1
sample_0958_count_2.png,2
sample_0959_count_7.png,7
sample_0960_count_0.png,0
sample_0961_count_7.png,7
sample_0962_count_0.png,0
sample_0963_count_5.png,5
sample_0964_count_1.png,1
sample_0965_count_1.png,1
sample_0966_count_8.png,8
sample_0967_count_2.png,2
sample_0968_count_3.png,3
sample_0969_count_2.png,2
sample_0970_count_2.png,2
sample_0971_count_7.png,7
sample_0972_count_0.png,0
sample_0973_count_1.png,1
sample_0974_count_0.png,0
sample_0975_count_7.png,7
sample_0976_count_3.png,3
sample_0977_count_5.png,5
sample_0978_count_0.png,0
sample_0979_count_4.png,4
sample_0980_count_5.png,5
sample_0981_count_2.png,2
sample_0982_count_7.png,7
sample_0983_count_5.png,5
sample_0984_count_3.png,3
sample_0985_count_4.png,4
sample_0986_count_7.png,7
sample_0987_count_5.png,5
sample_0988_count_4.png,4
sample_0989_count_5.png,5
sample_0990_count_1.png,1
sample_0991_count_6.png,6
sample_0992_count_5.png,5
sample_0993_count_7.png,7
sample_0994_count_1.png,1
sample_0995_count_6.png,6
sample_0996_count_7.png,7
sample_0997_count_6.png,6
sample_0998_count_5.png,5
sample_0999_count_1.png,1
sample_1000_count_3.png,3
sample_1001_count_3.png,3
sample_1002_count_2.png,2
sample_1003_count_0.png,0
sample_1004_count_5.png,5
sample_1005_count_7.png,7
sample_1006_count_5.png,5
sample_1007_count_5.png,5
sample_1008_count_6.png,6
sample_1009_count_1.png,1
sample_1010_count_3.png,3
sample_1011_count_8.png,8
sample_1012_count_3.png,3
sample_1013_count_1.png,1
sample_1014_count_0.png,0
sample_1015_count_2.png,2
sample_1016_count_8.png,8
sample_1017_count_0.png,0
sample_1018_count_0.png,0
sample_1019_count_5.png,5
sample_1020_count_5.png,5
sample_1021_count_8.png,8
sample_1022_count_0.png,0
sample_1023_count_4.png,4
sample_1024_count_4.png,4
sample_1025_count_6.png,6
sample_1026_count_5.png,5
sample_1027_count_4.png,4
sample_1028_count_0.png,0
sample_1029_count_7.png,7
sample_1030_count_2.png,2
sample_1031_count_5.png,5
sample_1032_count_2.png,2
sample_1033_count_8.png,8
sample_1034_count_1.png,1
sample_1035_count_2.png,2
sample_1036_count_4.png,4
sample_1037_count_8.png,8
sample_1038_count_3.png,3
sample_1039_count_4.png,4
sample_1040_count_5.png,5
sample_1041_count_0.png,0
sample_1042_count_2.png,2
sample_1043_count_5.png,5
sample_1044_count_6.png,6
sample_1045_count_1.png,1
sample_1046_count_6.png,6
sample_1047_count_5.png,5
sample_1048_count_1.png,1
sample_1049_count_1.png,1
sample_1050_count_4.png,4
sample_1051_count_6.png,6
sample_1052_count_7.png,7
sample_1053_count_1.png,1
sample_1054_count_1.png,1
sample_1055_count_2.png,2
sample_1056_count_2.png,2
sample_1057_count_7.png,7
sample_1058_count_4.png,4
sample_1059_count_2.png,2
sample_1060_count_4.png,4
sample_1061_count_5.png,5
sample_1062_count_3.png,3
sample_1063_count_2.png,2
sample_1064_count_7.png,7
sample_1065_count_8.png,8
sample_1066_count_6.png,6
sample_1067_count_1.png,1
sample_1068_count_2.png,2
sample_1069_count_1.png,1
sample_1070_count_0.png,0
sample_1071_count_3.png,3
sample_1072_count_5.png,5
sample_1073_count_1.png,1
sample_1074_count_0.png,0
sample_1075_count_4.png,4
sample_1076_count_8.png,8
sample_1077_count_3.png,3
sample_1078_count_7.png,7
sample_1079_count_2.png,2
sample_1080_count_1.png,1
sample_1081_count_4.png,4
sample_1082_count_6.png,6
sample_1083_count_7.png,7
sample_1084_count_3.png,3
sample_1085_count_0.png,0
sample_1086_count_3.png,3
sample_1087_count_2.png,2
sample_1088_count_1.png,1
sample_1089_count_8.png,8
sample_1090_count_7.png,7
sample_1091_count_4.png,4
sample_1092_count_8.png,8
sample_1093_count_2.png,2
sample_1094_count_0.png,0
sample_1095_count_6.png,6
sample_1096_count_5.png,5
sample_1097_count_7.png,7
sample_1098_count_5.png,5
sample_1099_count_5.png,5
sample_1100_count_6.png,6
sample_1101_count_4.png,4
sample_1102_count_5.png,5
sample_1103_count_3.png,3
sample_1104_count_2.png,2
sample_1105_count_5.png,5
sample_1106_count_5.png,5
sample_1107_count_3.png,3
sample_1108_count_7.png,7
sample_1109_count_4.png,4
sample_1110_count_8.png,8
sample_1111_count_4.png,4
sample_1112_count_1.png,1
sample_1113_count_2.png,2
sample_1114_count_8.png,8
sample_1115_count_6.png,6
sample_1116_count_3.png,3
sample_1117_count_5.png,5
sample_1118_count_8.png,8
sample_1119_count_2.png,2
sample_1120_count_8.png,8
sample_1121_count_1.png,1
sample_1122_count_7.png,7
sample_1123_count_6.png,6
sample_1124_count_1.png,1
sample_1125_count_8.png,8
sample_1126_count_8.png,8
sample_1127_count_7.png,7
sample_1128_count_2.png,2
sample_1129_count_5.png,5
sample_1130_count_0.png,0
sample_1131_count_7.png,7
sample_1132_count_6.png,6
sample_1133_count_7.png,7
sample_1134_count_3.png,3
sample_1135_count_4.png,4
sample_1136_count_8.png,8
sample_1137_count_0.png,0
sample_1138_count_6.png,6
sample_1139_count_4.png,4
sample_1140_count_4.png,4
sample_1141_count_7.png,7
sample_1142_count_4.png,4
sample_1143_count_3.png,3
sample_1144_count_0.png,0
sample_1145_count_6.png,6
sample_1146_count_6.png,6
sample_1147_count_5.png,5
sample_1148_count_0.png,0
sample_1149_count_2.png,2
sample_1150_count_5.png,5
sample_1151_count_4.png,4
sample_1152_count_6.png,6
sample_1153_count_2.png,2
sample_1154_count_8.png,8
sample_1155_count_4.png,4
sample_1156_count_2.png,2
sample_1157_count_8.png,8
sample_1158_count_2.png,2
sample_1159_count_0.png,0
sample_1160_count_7.png,7
sample_1161_count_8.png,8
sample_1162_count_7.png,7
sample_1163_count_3.png,3
sample_1164_count_1.png,1
sample_1165_count_1.png,1
sample_1166_count_6.png,6
sample_1167_count_0.png,0
sample_1168_count_6.png,6
sample_1169_count_3.png,3
sample_1170_count_8.png,8
sample_1171_count_8.png,8
sample_1172_count_2.png,2
sample_1173_count_7.png,7
sample_1174_count_1.png,1
sample_1175_count_6.png,6
sample_1176_count_3.png,3
sample_1177_count_8.png,8
sample_1178_count_3.png,3
sample_1179_count_5.png,5
sample_1180_count_8.png,8
sample_1181_count_3.png,3
sample_1182_count_8.png,8
sample_1183_count_6.png,6
sample_1184_count_0.png,0
sample_1185_count_5.png,5
sample_1186_count_4.png,4
sample_1187_count_7.png,7
sample_1188_count_8.png,8
sample_1189_count_7.png,7
sample_1190_count_3.png,3
sample_1191_count_5.png,5
sample_1192_count_5.png,5
sample_1193_count_4.png,4
sample_1194_count_2.png,2
sample_1195_count_3.png,3
sample_1196_count_4.png,4
sample_1197_count_2.png,2
sample_1198_count_1.png,1
sample_1199_count_0.png,0
sample_1200_count_5.png,5
sample_1201_count_2.png,2
sample_1202_count_7.png,7
sample_1203_count_5.png,5
sample_1204_count_6.png,6
sample_1205_count_6.png,6
sample_1206_count_2.png,2
sample_1207_count_4.png,4
sample_1208_count_6.png,6
sample_1209_count_1.png,1
sample_1210_count_6.png,6
sample_1211_count_3.png,3
sample_1212_count_1.png,1
sample_1213_count_5.png,5
sample_1214_count_4.png,4
sample_1215_count_6.png,6
sample_1216_count_5.png,5
sample_1217_count_2.png,2
sample_1218_count_7.png,7
sample_1219_count_6.png,6
sample_1220_count_6.png,6
sample_1221_count_5.png,5
sample_1222_count_4.png,4
sample_1223_count_5.png,5
sample_1224_count_3.png,3
sample_1225_count_3.png,3
sample_1226_count_5.png,5
sample_1227_count_0.png,0
sample_1228_count_0.png,0
sample_1229_count_2.png,2
sample_1230_count_0.png,0
sample_1231_count_4.png,4
sample_1232_count_6.png,6
sample_1233_count_4.png,4
sample_1234_count_3.png,3
sample_1235_count_3.png,3
sample_1236_count_7.png,7
sample_1237_count_3.png,3
sample_1238_count_0.png,0
sample_1239_count_8.png,8
sample_1240_count_3.png,3
sample_1241_count_5.png,5
sample_1242_count_4.png,4
sample_1243_count_6.png,6
sample_1244_count_3.png,3
sample_1245_count_5.png,5
sample_1246_count_6.png,6
sample_1247_count_0.png,0
sample_1248_count_5.png,5
sample_1249_count_2.png,2
sample_1250_count_1.png,1
sample_1251_count_6.png,6
sample_1252_count_8.png,8
sample_1253_count_0.png,0
sample_1254_count_1.png,1
sample_1255_count_2.png,2
sample_1256_count_1.png,1
sample_1257_count_5.png,5
sample_1258_count_3.png,3
sample_1259_count_3.png,3
sample_1260_count_8.png,8
sample_1261_count_3.png,3
sample_1262_count_0.png,0
sample_1263_count_4.png,4
sample_1264_count_1.png,1
sample_1265_count_1.png,1
sample_1266_count_8.png,8
sample_1267_count_7.png,7
sample_1268_count_3.png,3
sample_1269_count_0.png,0
sample_1270_count_0.png,0
sample_1271_count_8.png,8
sample_1272_count_1.png,1
sample_1273_count_4.png,4
sample_1274_count_1.png,1
sample_1275_count_5.png,5
sample_1276_count_0.png,0
sample_1277_count_8.png,8
sample_1278_count_2.png,2
sample_1279_count_4.png,4
sample_1280_count_7.png,7
sample_1281_count_4.png,4
sample_1282_count_8.png,8
sample_1283_count_0.png,0
sample_1284_count_6.png,6
sample_1285_count_3.png,3
sample_1286_count_2.png,2
sample_1287_count_7.png,7
sample_1288_count_8.png,8
sample_1289_count_8.png,8
sample_1290_count_8.png,8
sample_1291_count_8.png,8
sample_1292_count_6.png,6
sample_1293_count_7.png,7
sample_1294_count_5.png,5
sample_1295_count_0.png,0
sample_1296_count_3.png,3
sample_1297_count_6.png,6
sample_1298_count_6.png,6
sample_1299_count_0.png,0
sample_1300_count_0.png,0
sample_1301_count_2.png,2
sample_1302_count_0.png,0
sample_1303_count_5.png,5
sample_1304_count_1.png,1
sample_1305_count_7.png,7
sample_1306_count_7.png,7
sample_1307_count_7.png,7
sample_1308_count_8.png,8
sample_1309_count_7.png,7
sample_1310_count_8.png,8
sample_1311_count_5.png,5
sample_1312_count_3.png,3
sample_1313_count_6.png,6
sample_1314_count_4.png,4
sample_1315_count_7.png,7
sample_1316_count_8.png,8
sample_1317_count_4.png,4
sample_1318_count_6.png,6
sample_1319_count_7.png,7
sample_1320_count_5.png,5
sample_1321_count_8.png,8
sample_1322_count_6.png,6
sample_1323_count_0.png,0
sample_1324_count_5.png,5
sample_1325_count_3.png,3
sample_1326_count_1.png,1
sample_1327_count_8.png,8
sample_1328_count_7.png,7
sample_1329_count_6.png,6
sample_1330_count_2.png,2
sample_1331_count_3.png,3
sample_1332_count_5.png,5
sample_1333_count_5.png,5
sample_1334_count_0.png,0
sample_1335_count_3.png,3
sample_1336_count_5.png,5
sample_1337_count_3.png,3
sample_1338_count_2.png,2
sample_1339_count_4.png,4
sample_1340_count_3.png,3
sample_1341_count_3.png,3
sample_1342_count_6.png,6
sample_1343_count_0.png,0
sample_1344_count_0.png,0
sample_1345_count_1.png,1
sample_1346_count_1.png,1
sample_1347_count_6.png,6
sample_1348_count_4.png,4
sample_1349_count_6.png,6
sample_1350_count_8.png,8
sample_1351_count_2.png,2
sample_1352_count_6.png,6
sample_1353_count_4.png,4
sample_1354_count_7.png,7
sample_1355_count_5.png,5
sample_1356_count_2.png,2
sample_1357_count_6.png,6
sample_1358_count_3.png,3
sample_1359_count_1.png,1
sample_1360_count_6.png,6
sample_1361_count_1.png,1
sample_1362_count_1.png,1
sample_1363_count_7.png,7
sample_1364_count_7.png,7
sample_1365_count_5.png,5
sample_1366_count_8.png,8
sample_1367_count_5.png,5
sample_1368_count_4.png,4
sample_1369_count_5.png,5
sample_1370_count_8.png,8
sample_1371_count_0.png,0
sample_1372_count_4.png,4
sample_1373_count_0.png,0
sample_1374_count_7.png,7
sample_1375_count_8.png,8
sample_1376_count_8.png,8
sample_1377_count_1.png,1
sample_1378_count_4.png,4
sample_1379_count_1.png,1
sample_1380_count_8.png,8
sample_1381_count_6.png,6
sample_1382_count_1.png,1
sample_1383_count_8.png,8
sample_1384_count_8.png,8
sample_1385_count_2.png,2
sample_1386_count_4.png,4
sample_1387_count_5.png,5
sample_1388_count_2.png,2
sample_1389_count_2.png,2
sample_1390_count_7.png,7
sample_1391_count_1.png,1
sample_1392_count_1.png,1
sample_1393_count_2.png,2
sample_1394_count_0.png,0
sample_1395_count_1.png,1
sample_1396_count_4.png,4
sample_1397_count_6.png,6
sample_1398_count_8.png,8
sample_1399_count_3.png,3
sample_1400_count_0.png,0
sample_1401_count_3.png,3
sample_1402_count_8.png,8
sample_1403_count_3.png,3
sample_1404_count_2.png,2
sample_1405_count_1.png,1
sample_1406_count_0.png,0
sample_1407_count_7.png,7
sample_1408_count_4.png,4
sample_1409_count_7.png,7
sample_1410_count_4.png,4
sample_1411_count_0.png,0
sample_1412_count_6.png,6
sample_1413_count_0.png,0
sample_1414_count_6.png,6
sample_1415_count_7.png,7
sample_1416_count_5.png,5
sample_1417_count_2.png,2
sample_1418_count_7.png,7
sample_1419_count_2.png,2
sample_1420_count_0.png,0
sample_1421_count_3.png,3
sample_1422_count_2.png,2
sample_1423_count_6.png,6
sample_1424_count_6.png,6
sample_1425_count_1.png,1
sample_1426_count_5.png,5
sample_1427_count_1.png,1
sample_1428_count_0.png,0
sample_1429_count_5.png,5
sample_1430_count_1.png,1
sample_1431_count_4.png,4
sample_1432_count_7.png,7
sample_1433_count_5.png,5
sample_1434_count_2.png,2
sample_1435_count_5.png,5
sample_1436_count_6.png,6
sample_1437_count_2.png,2
sample_1438_count_8.png,8
sample_1439_count_1.png,1
sample_1440_count_6.png,6
sample_1441_count_3.png,3
sample_1442_count_8.png,8
sample_1443_count_2.png,2
sample_1444_count_2.png,2
sample_1445_count_1.png,1
sample_1446_count_2.png,2
sample_1447_count_3.png,3
sample_1448_count_1.png,1
sample_1449_count_3.png,3
sample_1450_count_7.png,7
sample_1451_count_5.png,5
sample_1452_count_8.png,8
sample_1453_count_0.png,0
sample_1454_count_1.png,1
sample_1455_count_4.png,4
sample_1456_count_2.png,2
sample_1457_count_4.png,4
sample_1458_count_1.png,1
sample_1459_count_6.png,6
sample_1460_count_5.png,5
sample_1461_count_0.png,0
sample_1462_count_2.png,2
sample_1463_count_0.png,0
sample_1464_count_4.png,4
sample_1465_count_4.png,4
sample_1466_count_6.png,6
sample_1467_count_4.png,4
sample_1468_count_7.png,7
sample_1469_count_5.png,5
sample_1470_count_6.png,6
sample_1471_count_4.png,4
sample_1472_count_1.png,1
sample_1473_count_4.png,4
sample_1474_count_6.png,6
sample_1475_count_4.png,4
sample_1476_count_8.png,8
sample_1477_count_5.png,5
sample_1478_count_4.png,4
sample_1479_count_0.png,0
sample_1480_count_5.png,5
sample_1481_count_8.png,8
sample_1482_count_6.png,6
sample_1483_count_4.png,4
sample_1484_count_5.png,5
sample_1485_count_8.png,8
sample_1486_count_2.png,2
sample_1487_count_0.png,0
sample_1488_count_3.png,3
sample_1489_count_8.png,8
sample_1490_count_4.png,4
sample_1491_count_1.png,1
sample_1492_count_5.png,5
sample_1493_count_6.png,6
sample_1494_count_4.png,4
sample_1495_count_8.png,8
sample_1496_count_7.png,7
sample_1497_count_4.png,4
sample_1498_count_2.png,2
sample_1499_count_1.png,1
